<?xml version="1.0" encoding="utf-8"?>
<!DOCTYPE hibernate-configuration SYSTEM
        "http://www.hibernate.org/dtd/hibernate-configuration-3.0.dtd">

<hibernate-configuration>
    <session-factory>
        <property name="hibernate.dialect">
            org.hibernate.dialect.MySQL8Dialect
        </property>
        <property name="hibernate.connection.driver_class">
            com.mysql.jdbc.Driver
        </property>
        <!-- thông tin kết nối đến util -->
        <property name="hibernate.connection.url">
            jdbc:mysql://localhost:3306/bookstore
        </property>
        <property name="hibernate.connection.username">root</property>
        <property name="hibernate.connection.password"></property>
        <property name="hibernate.hbm2ddl.auto">update</property>
        <property name="show_sql">true</property>

        <!-- Mapping các file Model -->
        <mapping class="model.TheLoai"/>
        <mapping class="model.TacGia"/>
        <mapping class="model.KhachHang"/>
        <mapping class="model.DonHang"/>
        <mapping class="model.SanPham"/>
        <mapping class="model.ChiTietDonHang"/>
    </session-factory>
</hibernate-configuration>